13267356;my_tth_shallow.json;1;1
13267357;my_tth_shallow.json;1;1
13267358;my_tth_shallow.json;1;1
13267359;my_tth_shallow.json;1;1
13267360;my_tth_shallow.json;1;1
13267361;my_tth_shallow.json;1;1
13267362;my_tth_shallow.json;1;1
13267571;my_tth_shallow.json;1;1
13267572;my_tth_shallow.json;1;1
13267573;my_tth_shallow.json;1;0
13267574;my_tth_shallow.json;1;1
13267690;my_tth_shallow.json;1;1
13267691;my_tth_shallow.json;1;1
13267692;my_tth_shallow.json;1;0
13268188;my_tth_shallow.json;1;1
13268328;my_tth_shallow.json;1;1
13268329;my_tth_shallow.json;1;1
13268330;my_tth_shallow.json;1;1
13268331;my_tth_shallow.json;1;1
13268332;my_tth_shallow.json;1;1
